05112020,1855&S,Temperature,Humidity,SP3S-AQ2-01,TGS832-A00,TGS822,SP-11-00,NA,SK25F,NA,SB-51-00,SP-19-01,SP-31-00,TGS2602-B00,TGS2620-C00
05/11/2020,18:55:56,28.763561455710686,43.520866712443734,4.384638925682894,5.435972678162674,3.819237161605372,3.4386523180222794,4.891835360903403,0.00378784678773081,-0.0003375309018770029,0.7909099099649015,2.970459453685335,1.2407260918663208,4.066759822981841,3.1509259758889057
